claim,gold,no_retrieval,no_retrieval_p_true,rag,rag_p_true
"U.S. President Donald Trump tweeted in November 2009 that ""Obama's handling of this whole pandemic has been terrible!"" and that he ""would never let thousands of Americans die from a pandemic while in office.",false,false,0.0,false,0.0
An habitual alcohol abuser lost his penis to frostbite after a drunken sexual encounter with a snowman.,false,false,0.0,false,0.0
"Liberals"" want to change the name of Cracker Barrel to ""Caucasian Barrel"" because otherwise it's racist.",false,false,0.0,false,0.0
"The IRS is going to be ""in charge"" of ""a huge national database"" on health care that will include Americans’ ""personal, intimate, most close-to-the-vest-secrets.",false,false,0.0,false,0.0
A video shows a man demonstrating an invisibility cloak.,false,false,0.0,false,0.0
"San Antonio has seen ""67% growth"" in water customers ""in the last 25 years, 0% more water used.",false,false,0.0,false,0.0
"A driver in Las Vegas shouted ""Allahu Akbar"" as she deliberately struck multiple pedestrians with her vehicle, and police have been instructed to suppress that detail of the story.",false,false,0.0,false,0.0
NASA and NOAA faked climate data in the GISTEMP global temperature record to exaggerate global warming. ,false,false,0.0,false,0.0
Cortisol levels in children's hair may reveal future mental health risk,false,false,0.3208,false,0.0041
"According to (Barack) Obama’s newest unconstitutionally enacted law, health care professionals are now required to violate HIPAA privacy laws and submit medical data to the government,"" which is ""then used as justification for gun confiscation.",false,false,0.0,false,0.0
"Here in Florida, I’ve slashed government by 10 percent. That's $7 billion.",false,false,0.0,false,0.0
Roe v. Wade was passed only because Roe lied about being raped.,false,false,0.0,false,0.0
"Five-minute neck scan can spot dementia 10 years earlier, say scientists",false,false,0.0,false,0.0
"Johns Hopkins Hospital issued a ""cancer update"" detailing how cancer spreads and recommending methods for treating the disease.",false,false,0.0,false,0.0
"A nurse employed in a Zambian hospital swapped nearly 5,000 babies at birth and gave them to the ""wrong"" parents.",false,false,0.0,false,0.0
Aspirin Linked to Lower Pancreatic Cancer Risk,false,false,0.2713,false,0.0
" A forwarded email that blames President Obama   for delays in the rescue of Richard Phillips, the captain of the ship   named the Maersk Alabama, which was taken over by pirates off the coast   of the African country of Somalia. It claims that Obama delayed the   deployment of Navy Seals by 36 hours and limited the rules of engagement   so the rescuers could not act unless Captain Phillips’ life was imminent   danger.      ",false,false,0.0,false,0.0
"This town (Wilmington, Ohio) hasn’t taken any money from the government. They don’t want any money from the government.",false,false,0.0,false,0.0
 A warning about a chemical   called benzene that is linked to cancer such as leukemia .  The   warning says that benzene can build up inside parked automobiles and   suggests that drivers roll down   their windows to ventilate the car’s interior prior to switching on   the air conditioner.      ,false,false,0.0,false,0.0
A mother revealed to her child in a letter after her death that she had just one eye because she had donated the other to him.,false,false,0.0,false,0.0
Researchers produce first widely protective vaccine against chlamydia,false,false,0.0,false,0.0
"Rick Perry Says President Barack Obama’s overturning of the Mexico City Policy means federal tax dollars can be used ""to fund abortion all over the world.",false,false,0.0,false,0.0
Partial rather than full knee replacements better for many – report,false,false,0.0001,false,0.0
Development of a wearable medical device for type 2 diabetes,false,true,0.9998,true,0.9913
"  Former Navy SEAL Chris Kyle, the author of “American Sniper,” shot   looters in New Orleans after Hurricane Katrina, shot two carjackers in   Texas, and punched Jesse Ventura in the face.     ",false,false,0.0,false,0.0
"The Baucus health care bill ""could be used to ban guns in home self-defense.",false,false,0.0,false,0.0
"Maj. Nidal Hasan, the man accused of the Fort Hood shootings, ""was an ADVISOR to the Obama Administration.",false,false,0.0,false,0.0
A recent invasion of New Guinea Flatworms in Florida poses a significant risk to human health and a sighting of this non-native animal should be reported to authorities by calling 911.,false,false,0.0,false,0.0
"Hillary Clinton threw a tantrum, and a water glass, after NBC's ""Commander-in-Chief"" Forum in September 2016.",false,false,0.0,false,0.0
"“If you look at the one (hydroxychloroquine) survey, the only bad survey, they were giving it to people that were in very bad shape. They were very old. Almost dead.”",false,false,0.0,false,0.0
Anti-Gravity Treadmill helps injured get moving again,false,false,0.3788,false,0.0
A lot of the problems with forest fires ... is because of bad policy (not to clear out the forests) that was put in place by environmentalists.,false,false,0.0,false,0.0
"Citizens Property Insurance has ""over $500 billion worth of risk, with less than $10 billion worth of surplus.",false,false,0.0,false,0.0
On-and-off fasting helps fight obesity,false,false,0.4392,true,0.9701
"The government ""knowingly"" injected a birth defect-inducing vaccine into epidurals between 2010 and 2014 to hurt Black women",false,false,0.0,false,0.0
"The Swedish parliament rejected seven proposals in May 2017 establishing a mandatory vaccination program, enacting a ban on the practice.",false,false,0.0,false,0.0
"The most likely triggering cause of (microcephaly)"" is the ""DTaP shot, a vaccine that had been recently mandated by the Brazilian government to be injected into pregnant women.",false,false,0.0,false,0.0
 A federal judge has approved GOP Congressman Trey Gowdy’s request to exhume the body of Vince Foster to determine if Bill and Hillary Clinton were involved in his death 23 years ago. ,false,false,0.0,false,0.0
"  The story of a jazz             musician named Tommy who went through a personal tragedy that led to             his writing the song “Precious Lord Take My Hand.”             He was Tommy Dorsey, the great trombonist and band leader.    ",false,false,0.0,false,0.0
"A three-cents-per-ounce soda tax in Philadelphia ""would result in the loss of 2,000 family-sustaining Teamster Union jobs and countless other jobs in the beverage industry.",false,false,0.0,false,0.0
 A woman became pregnant from being struck by a bullet that had passed through the scrotum of a Civil War soldier.,false,false,0.0,false,0.0
Starving prostate cancer with what you eat for dinner,false,false,0.0,false,0.0
Statin Drugs May Cut Risk of Kidney Trouble After Surgery,false,true,0.6812,false,0.0015
"Mammograms Save Lives for Women in Their 40s, Study Says",false,false,0.0074,false,0.0026
Blood Test May Predict Rheumatoid Arthritis,false,true,0.9779,false,0.0069
"Eighty-five percent of every dollar donated to the Clinton Foundation ended up either with the Clintons or with their staff to pay for travel, salaries, and benefits. Fifteen cents of every dollar actually went to some charitable beneficiary.",false,false,0.0,false,0.0
"JUULing, or use of a JUUL e-cigarette, has caused cancer in four students.",false,false,0.0,false,0.0
"Under last year’s health care reform, ""a bunch of bureaucrats decide whether you get care, such as continuing on dialysis or cancer chemotherapy.",false,false,0.0,false,0.0
"Facebook post Says the governors of Michigan, New York and Nevada “have issued orders banning the prescription of hydroxychloroquine to patients with COVID-19.”",false,false,0.0,false,0.0
"Oregano, Thyme May Hold the Cure for Wasting Syndrome Disease",false,false,0.0,false,0.0
"Jack Conway Says Rand Paul thinks drug-dealing, theft, burglary and prostitution should be decriminalized.",false,false,0.0,false,0.0
A 31-year-old Cincinnati woman was taken to the hospital after the 14-month-old toddler she was babysitting got stuck in her vaginal cavity.,false,false,0.0,false,0.0
A few drops of Visine brand eye drops taken internally will induce uncontrollable diarrhea.,false,false,0.0,false,0.0
"The Black Panther Party created the Women, Infants, and Children (WIC) program that provides supplemental food assistance to single mothers and their children.",false,false,0.0,false,0.0
Christine Blasey Ford committed perjury by identifying herself as a 'research psychologist' in her Senate committee testimony.,false,false,0.0,false,0.0
"Marijuana laced with fentanyl is a problem, and you can detect it if ""weed smells like popcorn.",false,false,0.0,false,0.0
Concussions in kids are detectable by blood test,false,false,0.0,false,0.0
 Hillary Clinton was forced to cancel a campaign event after a video showed her making lizard-like “bizarre eye movements” that prove she’s suffering the lingering effects of head trauma. ,false,false,0.0,false,0.0
"An image shows reported cases of ""flesh eating bacteria"" in 2019.",false,false,0.0,false,0.0
Teenage environmental activist Greta Thunberg is actually an Australian actress named Estella Renee. ,false,false,0.0,false,0.0
"Crossroads GPS Says Joe Sestak ""voted to gut Medicare ... reducing benefits for 854,489 seniors"" and jeopardizing ""access to care for millions.",false,false,0.0,false,0.0
Under the Obama plan . . . all the health care in this country is eventually going to be run by the government.,false,false,0.0,false,0.0
"Obama's one education accomplishment was ""legislation to teach 'comprehensive sex education' to kindergartners.",false,false,0.0,false,0.0
Landmark clinical trial shows gene-targeted drug can treat prostate cancer,false,false,0.0,false,0.0
Music May Help Ease Pain for Anxious People,false,true,1.0,true,0.9975
"“While California is dying … Gavin (Newsom) is vacationing in Stevensville, MT!”",false,false,0.0,false,0.0
"Menopause 'hot flash' medicine could cut symptom by three quarters, trial shows",false,false,0.0,false,0.0
"174 Democrats voted against a ""bipartisan act to stop convicted terrorists and sexual predators from becoming TSA Agents.",false,false,0.0,false,0.0
"Using the ""African method"" of sitting over a steaming cooking pot can help you avoid contracting COVID-19.",false,false,0.0,false,0.0
"The Cutting Edge: Robotic Surgery, Today!",false,false,0.0,true,0.9948
Blogger Says Vicks VapoRub caused a child’s death.,false,false,0.0,false,0.0
"Migraine drug could halve the length of attacks, study shows",false,false,0.0,false,0.0
"During wartime, the Seal of the President of the United States is modified so that the eagle's head faces the opposite direction.",false,false,0.0,false,0.0
The mayonnaise oozing from a chicken sandwich turned out to be pus from a tumor in the chicken.,false,false,0.0,false,0.0
Accepting a friend request from a stranger will provide hackers with access to your computer and online accounts.,false,false,0.0,false,0.0
Eating watermelon could lower your blood pressure,false,false,0.1195,false,0.0
"During the 2005 fight over Social Security, ""there were noisy demonstrations — but they were outside the events,"" and opponents were ""not disruptive — crowds booed lines they didn’t like, but that was about it.",false,false,0.0,false,0.0
Donald Trump owned stock in Thermo-Fisher Scientific at a time when his presidential administration was advocating for a COVID-19 test that uses Thermo-Fisher equipment.,false,false,0.0,false,0.0
The coronavirus has seen a “big surge in New Zealand. It's terrible. We don't want that.,false,false,0.0,false,0.0
New York hospital sends some 'borderline' COVID-19 patients home with oxygen monitors.,true,false,0.0,false,0.0
Senators: Double funding for universal flu vaccine research.,true,false,0.0,false,0.0
China heads into Lunar New Year on shutdown as virus spreads to Europe.,true,false,0.0,false,0.0
"VW ramps up China electric car factories, taking aim at Tesla.",true,false,0.0,false,0.0
A Texas girl required surgery after she swallowed part of a fidget spinner while cleaning it.,true,false,0.0006,false,0.0
"New nonprofit tackles COVID-19 in Native, rural communities.",true,false,0.0069,false,0.0
New adult behavioral health unit opens in northern Arkansas.,true,false,0.0,false,0.0
"As the United States government tried to negotiate a response to a novel coronavirus strain, cost issues temporarily stalled passing a bill approving roughly $8 billion in emergency funding.",true,false,0.0,false,0.0
"France struggling to curb rate of coronavirus pandemic, health official says.",true,false,0.0,false,0.0
Montana joins other states with vaping product bans .,true,false,0.0,false,0.0
Florida’s hepatitis A outbreak prompts vaccine push.,true,false,0.4379,false,0.0
Another dolphin dies at Arizona aquatic facility.,true,false,0.0,false,0.0
"States look to lower drug costs, consider Canadian imports.",true,false,0.0,false,0.0
"Southeast Asian nations, among worst ocean polluters, aim to curb plastic debris.",true,false,0.0,false,0.0
Death toll from acute encephalitis in east Indian town rises to 129 children.,true,false,0.0,false,0.0
HIV in America: Studies zero in on trouble spots.,true,false,0.0233,true,0.9526
"Miscellany Blue Says a ""lawmaker seeks to defund Planned Parenthood for ‘cutting children into small pieces.’",true,false,0.0,false,0.0
One in 10 babies born in this country is born in Texas.,true,false,0.0,false,0.0
GSK to sell two vaccines in $1.1 billion deal to focus on newer treatments.,true,false,0.0,false,0.0
Survey finds many ticks carry disease in North Dakota.,true,false,0.0009,false,0.0
FDA advisory panel rejects J&J drug for acute coronary syndrome.,true,false,0.0,false,0.0
An implant that hits a nerve,true,false,0.0,false,0.0002
Arkansas Colleges of Health Education celebrates 5 years.,true,false,0.0,false,0.0
"A year on, Indian anti-Vedanta protesters say still await justice.",true,false,0.0,false,0.0
Tuberculosis outbreak associated with Mankato university.,true,false,0.0,false,0.0
U.S. men less likely to heed health warnings as coronavirus death toll mounts: Reuters Poll.,true,false,0.0,false,0.0
There's a promising new HIV vaccine candidate in the pipeline,true,true,0.9859,false,0.0015
U.S. McDonald's to put calorie counts in lights.,true,false,0.0,false,0.0
"US births hit a 30-year low, despite good economy.",true,false,0.0,false,0.0067
Gene-editing Chinese scientist kept much of his work secret.,true,false,0.0,false,0.0
EPA watchdog: Health monitoring after Harvey was lacking.,true,false,0.0,false,0.0
Missouri student on Columbia campus has active tuberculosis.,true,false,0.0006,false,0.0
"Viral image Says 80% of novel coronavirus cases are ""mild.",true,false,0.0,false,0.0
A form of strep infection is capable of affecting the nasal cavity and face.,true,true,1.0,true,1.0
Suicides rise and fall with economy: CDC report.,true,false,0.0,false,0.0
Oregon 2nd-grader diagnosed with meningococcal meningitis.,true,false,0.0141,false,0.0
"Women ""are still paid 82 cents for every dollar a man earns in Texas.",true,false,0.0,false,0.0
Utah governor criticizes federal marijuana reform inaction.,true,false,0.0,false,0.0
U.S. 'gag rule' linked to 40% jump in abortions in parts of Africa.,true,false,0.0,false,0.0
"Experimental treatment helps 2 out of 3 peanut allergy sufferers, study finds",true,false,0.0005,false,0.0
Judge considers Hammond Ranches grazing permit.,true,false,0.0,false,0.0
Statins tied to lower risk of fatal prostate cancer,true,false,0.0,false,0.0
Houston reports 3 teens treated for vape-related lung issues.,true,false,0.0,false,0.0
FACT CHECK: Trump pitches drug not approved for coronavirus.,true,false,0.0,false,0.0
High ambitions: Uruguay cannabis firm targets booming global market for medical marijuana.,true,false,0.0,false,0.0
"World must prepare for inevitable next flu pandemic, WHO says.",true,false,0.3209,true,0.9046
Coronavirus forces U.S. churches to offer Easter Sunday services unlike any before.,true,false,0.0,false,0.0
"For every dollar we invest in Head Start, we get $5 to $7 back into our economy.",true,false,0.011,false,0.0001
Zambia records first coronavirus death.,true,false,0.0,false,0.0
Hospital closings hit hard on the edge of the Rust Belt.,true,false,0.0005,false,0.0
"Swiss police arrest ""healer"" accused of infecting 16 with HIV.",true,false,0.0,false,0.0
Nestle recalls batch of Alfamino infant formula in Germany.,true,false,0.0004,false,0.0
Missouri physicians warn against bug-borne diseases.,true,false,0.0,false,0.0
Trial Shows Cystic Fibrosis Drug Helped Ease Breathing,true,true,0.9737,true,0.9975
Pelosi offers Medicare negotiation plan to curb drug prices.,true,false,0.0,false,0.0
Jury clears J&J of liability in New Jersey talc cancer case.,true,false,0.0,false,0.0
Lawmakers ready for ‘fast and furious’ session.,true,false,0.0,false,0.0
Test may help predict colon cancer recurrence risk,true,false,0.4682,false,0.0596
Colorado assisted living facility license suspended.,true,false,0.0,false,0.0
"NASA twins study explores space, the final genetic frontier.",true,false,0.0001,false,0.0
"In the Illinois Legislature, Barack Obama ""voted 'present,' instead of yes or no"" on seven votes involving abortion rights.",true,false,0.0,false,0.0
Nearly all ships operated by U.S.-headquartered cruise lines are registered in foreign countries.,true,false,0.0,false,0.0
Health care systems to get $5.5M to prepare for emergencies.,true,false,0.0,false,0.0
"‘Critical moment’ for firms amid retirements, opioid crisis.",true,false,0.0,false,0.0
New Mexico land boss concerned about border wall work.,true,false,0.0,false,0.0
U.S. bishop may have exposed Catholics to hepatitis during Communion.,true,false,0.0,false,0.0
Arizona State Senate candidate Bobby Wilson fatally shot his mother in 1963.,true,false,0.0,false,0.0
Group launches plan to improve behavioral care access.,true,false,0.0,false,0.0041
"Hilary Rosen Says Chris Christie ""vetoed Planned Parenthood funding five times over the course of his governorship.",true,false,0.0,false,0.0
California lawmakers want to repeal HIV criminalization laws.,true,false,0.0,false,0.0
Pakistan psychologists issue conflict health warning.,true,false,0.0,false,0.0
Boy with rare disease gets brand new skin with gene therapy.,true,false,0.0001,false,0.0
Folic acid tied to better grades in Swedish teens,true,false,0.0,false,0.0
"Although Georgia Gov. Brian Kemp ""opened"" the state, his mansion remained closed for tours during the COVID-19 pandemic.",true,false,0.0003,false,0.0
"Taiwan's carrot-and-stick approach to virus fight wins praise, but strains showing.",true,false,0.0,false,0.0
'What choice do I have?' Lock-down strands millions in China's Wuhan.,true,false,0.0,false,0.0
UN: Nearly a half-billion in Asia-Pacific still going hungry.,true,false,0.0002,false,0.0
Hard questions about chemo,true,false,0.0,false,0.0759
"Elon Musk once tweeted: ""If one day, my words are against science, choose science.",true,false,0.0,false,0.0
"On September 18 2020, Twitter user @JohnCammo tweeted that President Trump's ""October Surprise"" would involve a positive test result.",true,false,0.0,false,0.0
Indiana city in jeopardy of losing animal health business.,true,false,0.0,false,0.0
"A photograph shows the Arch of Baal erected on the National Mall in Washington, D.C.",true,false,0.0,false,0.0
Pokémon Go developer Niantic is working on a Harry Potter version of the hugely popular augmented-reality game.,true,false,0.0,false,0.0
"Trio wins chemistry Nobel for work on antibody drugs, smart enzymes.",true,false,0.0,false,0.0
Doctors end protest to demand flu vaccines for migrants.,true,false,0.0,false,0.0
Chance the Rapper giving $1M to boost mental health services.,true,false,0.0,false,0.0
"In clinical trial, cream reduces squamous cell carcinoma risk",true,false,0.0,false,0.0
Rihanna's Instagram message to followers to throw away the Snapchat app caused the company's share value to fall by hundreds of millions of dollars in one day.,true,false,0.0,false,0.0
Heart Device Cuts Death Rate,true,false,0.0006,true,0.9999
The family of Anne Frank sought (and was denied) refugee status in the United States.,true,false,0.0759,false,0.0
Fitness experts separate folklore from fact.,true,true,1.0,false,0.0001
"In Iran in 1979, the extremists hijacked the broad-based popular revolution against the Shah and established a brutal theocracy.",true,false,0.0,false,0.0
"In January 2017, Dr. Anthony Fauci predicted a serious pandemic during U.S. President Donald Trump's tenure in office.",true,false,0.0,false,0.0
Women who quit hormone therapy still live with cancer risk,true,true,0.7311,true,0.9707
The Healthy Skeptic: Products make testosterone claims,true,false,0.0,false,0.0
"Humira Provides Effective, Non-Steroid Alternative for Eye Inflammation",true,true,0.9399,false,0.0
"The typical Wisconsin worker makes $5,000 less each year than our neighbors in Minnesota"" under Gov. Scott Walker’s policies.",true,false,0.0,false,0.0
O’Rourke offers blue vision for red Texas during Nelson show.,true,false,0.0,false,0.0
Technology helps China brace for population growth.,true,false,0.0,false,0.0
Washington state deals blow to plan for coal export terminal.,true,false,0.0,false,0.0
"In Africa, a child dies every minute because of (malaria).",true,false,0.0015,false,0.0
Indiana University cleaning mold inside residence quadrangle.,true,false,0.0,false,0.0
"Lamont fills top public health, insurance agency jobs.",true,false,0.0,false,0.0
"Women with Stage 4 breast cancer survive longer if they have surgery, study shows",true,false,0.0,true,0.7773
FDA approves irritable bowel drug.,true,false,0.0008,false,0.0142
Problems spur FDA caution on insulin pump,true,false,0.0006,false,0.0
Recall: Nearly 57 tons of ground beef for possible E coli.,true,false,0.0,false,0.0
Black and white caterpillars can cause severe allergic reactions in some people who touch them.,true,false,0.0,false,0.0
"Measles outbreak kills more than 1,200 in Madagascar.",true,false,0.0041,false,0.0
"Hillary Clinton Says Bernie Sanders ""voted for regime change with respect to Libya.",true,false,0.0,false,0.0
U.S. ‘wasted’ months before preparing for virus pandemic.,true,false,0.0,false,0.0
"Canada faces 'critical week' in coronavirus crisis, death toll jumps.",true,false,0.0,false,0.0
"Ebola is real, Congo president tells skeptical population.",true,true,0.9997,false,0.0025
U.S. Panel Questions Prostate Screening,true,false,0.0766,true,0.9999
"Our spending has caught up with us, and our debt soon will eclipse the entire size of our national economy.",true,false,0.0,false,0.0
'Stink flirting' is a thing - just ask a ring-tailed lemur.,true,false,0.0601,false,0.018
French foie gras makers worry as bird flu spreads in Europe.,true,true,0.6792,false,0.0
North Carolina fair bans mist fans as health measure.,true,false,0.0,false,0.0
Influenza now in all Maine counties; considered widespread.,true,false,0.0,false,0.0
Medicare 5-year cancer bill tops $21.1 bln: study.,true,false,0.0,false,0.0
Estrogen Lowers Breast Cancer and Heart Attack Risk in Some,true,false,0.0479,false,0.0
